TITLE,AUTHOR,COAUTHORS,PUBLISHER,SERIES,VOLUME,EDITION,ISBN,BARCODE,PRICE
Noah's Ark (John Patience),John Patience,,Peter Haddock Ltd,,,,9780710510969,E200018,0
Noah's Ark (Julie Downing),Julie Downing,,Covent Garden Books Ltd,,,,9781859481264,E200043,0
10 Little Penguins ( Make Believe Ideals),Make Believe Ideals,Kate Toms, make believe ideals,,,,9781846109805,E200079,0
Farm Animals (Sandcastle Books),Sandcastle Books,,Sandcastle Books,,,,9781849991346,E300113,8
Zoe and Beans – C2,Chloe & Mick Inkpen,,'Macmillan Children''s Books',,,,9780330544054,E400047,8
A Smart Fox (CD),,, OAK &SQUIRREL,,,,MC0030,MC0030,10
The Story of Eagle and Hen (CD),,, OAK &SQUIRREL,,,,MC0031,MC0031,0
The Moon Dropped (CD),,, OAK &SQUIRREL,,,,MC0032,MC0032,0
十诫 (CD),,,,,,,MV0029,MV0029,0
The Bible In Animation 1 (CD),,,宇宙企划有限公司,,,,MV0036,MV0036,0
两个圣诞愿望 (CD),,,文桥传播中心,,,,9789833031139,MV0067,0
蜗牛(金斯。奥里森),金斯。奥里森,,Gedung Ilmu Sdn Bhd,请来探索,,,9789838463911,O300051,0
瓢虫(巴利。瓦特斯),巴利。瓦特斯,,Gedung Ilmu Sdn Bhd,请来探索,,,9789838463904,O300052,0
秦始皇 – C2,,,Indah Jaya (K.L) Holding Company,世界名人故事丛书,,,O400048,O400048,5
豌豆三兄弟,,王梓怡,台湾彩虹儿童生命教育协会,,,,9789867579997,P100182,0
谁偷了便当,叶安德,,和英出版社,,,,9789867942890,P100202,40
房子,莫妮克。弗利克斯,,明天出版社,,,,9787533240950,P200079,12
熊爸爸去另一个城市工作, 陈致元,,和英文化,,,,9789866608216,P200207,40
好朋友,,吴带生,彩虹出版有限公司,彩虹亲子启蒙丛书,4,,9789835024061,P300065,3.95
耶稣说故事,王俊容,郑倚玲,创世纪设计制作,小圣经系列,,,9789881789303,RB200019,0
拉撒路的故事,江惠兰,林慧君,天韵出版社,睡梦乡,30,,9789867317223,RB200023,0
约拿奇遇记,江惠兰,李秋莹,天韵出版社,睡梦乡,31,,9789867317162,RB200024,0
真假先知,江惠兰,谢佩珊,天韵出版社,睡梦乡,32,,9789867317179,RB200025,0
好媳妇路得,江惠兰,李秋莹,天韵出版社,睡梦乡,33,,9789867317186,RB200026,0
信心勇士,江惠兰,郑兴宗,天韵出版社,睡梦乡,34,,9789867317193,RB200027,0
天火焚城记,江惠兰,林慧君,天韵出版社,睡梦乡,35,,9789867317209,RB200028,0
哈拿与小撒母耳,江惠兰,林慧君,天韵出版社,睡梦乡,37,,9789867317063,RB200029,0
神奇的喜宴,江惠兰,李秋莹,天韵出版社,睡梦乡,38,,9789867317070,RB200030,0
好姐姐米利暗,江惠兰,李秀玲,天韵出版社,睡梦乡,39,,9789867317087,RB200034,0
美丽的迦南,江惠兰,余玉莲,天韵出版社,睡梦乡,41,,9789867317100,RB200036,0
恩宝的便当,,,救世传播协会,睡梦乡,13,,RB200042,RB200042,0
元师洗澡,,,救世传播协会,睡梦乡,14,,RB200043,RB200043,0
美丽的皇后,,,救世传播协会,睡梦乡,15,,9789868667815,RB200044,0
约瑟的故事,,,救世传播协会,睡梦乡,20,,9789867317308,RB200047,0
挪亚与彩虹,,,救世传播协会,睡梦乡,21,,9789867317315,RB200048,0
智慧的国王,,,救世传播协会,睡梦乡,25,,9789867317278,RB200050,0
无知的财主,,,救世传播协会,睡梦乡,26,,9789867317261,RB200051,0
以撒的新娘,,,救世传播协会,睡梦乡,27,,9789867317254,RB200052,0
葡萄园的秘密,,,救世传播协会,睡梦乡,28,,9789867317247,RB200053,0
耶稣是谁?,凯洛琳。奈斯壮,韦恩。汉纳,财团法人基督教,儿童基要圣经真理系列,2,,9789575501235,RB300040,12.35
爱玩圣诞夜,,,台湾彩虹爱家生命教育协会,音乐图画书,,,9789868371705,RO100024,30
我不再是铁笼人,江惠兰,,天韵出版社,睡梦乡,36,,9789867317216,RO200035,0
许愿-彭蒙惠的心声,江惠兰,,天韵出版社,睡梦乡,42,,9789867317117,RO200036,0
翠玉花瓶,,,救世传播协会,睡梦乡,16,,9789868667808,RO200040,0
阿善与小雪球,,,救世传播协会,睡梦乡,19,,9789867317292,RO200041,0
快乐天使,,,救世传播协会,睡梦乡,23,,9789867317339,RO200042,0
天堂门外,,,救世传播协会,睡梦乡,24,,9789867317346,RO200043,0
浪子回头,,,救世传播协会,睡梦乡,29,,9789867317230,RO200044,0
信仰边看边学,佐藤。彰,胜间。敏夫,人人书楼,,,,9789832114741,RO300030,16
两个圣诞愿望,邓雅荣,,文桥出版社,,,,RO400007,RO400007,0
两个圣诞愿望,邓雅荣,张清梅，卢国英,文桥传播中心,,,,RO400016,RO400016,0
福音桥,,,中华福音神学院,,,,RO400018,RO400018,0
看圣经学英语,,, LiveABC,,,,4711863219459,T300114,17.9
Josh,Sharon Holt,,Nelson Cengage Learning,Flying Colours,L17-19,,9780170115971,E300266,0
昆虫,乔治.C,,中国友谊出版公司,自然珍藏图鉴丛书,,,9787505715554,O300179,0
The Three Billy Goats Gruff,Annette Smith,,Harcourt Achieve,中级系列,,,E300180,E300180,0
童书是童书,黄廼毓,,财团法人基督教宇宙光,,,,9789577271204,T300189,0
初次相见,安。居特曼,,二十一世纪出版社,,,,9787539149240,P200255,0
妈妈，我要把世界送给你,萝妮。舒特,,道声出版社,发展与教育系列,,,P100250,9789866735158,0
帕拉帕拉山的妖怪,赖马,,河少年儿童出版社,,,,P100239,9787537636018,0
EXPLORING THE WORLD OF REPTILES & AMPHIBIANS,RICHARD SPLISBURY,,CHEALSEA HOUSE,,6,,E100115,E100115,0
好朋友,入山智,,湖北长江出版社,发展与教育系列,,,9787539444116,P400059,0
阿虎开窍了,罗勃。卡鲁斯,,明天出版社,发展与教育系列,,,P100255,P100255,0
犹太人亲子教育,,,人人书楼,,,,MC0016B,MC0016B,0
犹太人亲子教育,,,人人书楼,,,,MC0016C,MC0016C,0
犹太人亲子教育,,,人人书楼,,,,MC0016D,MC0016D,0
因材施教,,,中国信徒佈道会,,,,MC0017B,MC0017B,0
因材施教,,,中国信徒佈道会,,,,MC0017C,MC0017C,0
因材施教,,,中国信徒佈道会,,,,MC0017D,MC0017D,0
管教孩子的真智慧,,,中国信徒佈道会,,,,MC0018B,MC0018B,0
管教孩子的真智慧,,,中国信徒佈道会,,,,MC0018C,MC0018C,0
管教孩子的真智慧,,,中国信徒佈道会,,,,MC0018D,MC0018D,0
管教孩子的真智慧,,,中国信徒佈道会,,,,MC0018E,MC0018E,0
管教孩子的真智慧,,,中国信徒佈道会,,,,MC0018F,MC0018F,0
管教孩子的真智慧,,,中国信徒佈道会,,,,MC0018G,MC0018G,0
管教孩子的真智慧,,,中国信徒佈道会,,,,MC0018H,MC0018H,0
耶稣说故事,吴嘉仪,,宗教教育中心,,,,9789624885521,R0200052,0
认识你真好,,,赞美之泉音乐事工,,,,MD0019,MD0019,0
小小的梦想,,,赞美之泉音乐事工,,,,MD0020,MD0020,0
赞美的孩子最喜乐,,,赞美之泉音乐事工,,,,MD0021,MD0021,0
把冷漠变成爱,,,赞美之泉音乐事工,,,,MD0022,MD0022,0
粉红的那座山,,,,,,,9787544835039,P400062,0
平安夜,睡梦乡,,救世传播协会,睡梦乡-小朋友床边有声故事系列,,,9789868667884,RO200067,0
南瓜汤,海伦。库伯,,明天出版社,无,,,9787533280772,P100296,
松鼠先生找幸福,Sebastian Meschenmoser,,新星出版社,无,,,9787539447711,P200279,
眼睛在搞鬼,Iwona Chmielewska,,接力出版社,无,,,9787544832007,P100286,
Baby Jesus,Caroline Jayne Church,,宗教教育中心出版,A Touch And Feel Book,,,9789624884470,RB200059,
'Noah''s Ark',Jacqueline Crawford,,宗教教育中心出版,A Touch And Feel Book,,,9789624884463,RB200058,
古强森的圣诞奇迹,苏珊 瓦奇巧斯基,,文桥传播中心有限公司,,,,9789675364068,RO300047,0
三只小猪,高山,,新世界出版社,彩色世界童话全集,,,9787510426988,P100346,25
丑小鸭,安徒生,,新世界出版社,彩色世界童话全集,,,9787510423918,P100320,25
拇指姑娘,安徒生,,新世界出版社,彩色世界童话全集,,,9787510423956,P100329,25
音乐圣人贝多芬,伊智延,,湖南少年儿童出版社,从小爱音乐,,,9787535878618,P300177,12
魔笛,李美玉,,湖南少年儿童出版社,从小爱音乐,,,9787535878694,P300160,12
丑小鸭,简丽芬,,世一文化事业股份有限公司,彩色童话列车,,,9789577759849,O400115,5.9
灰姑娘,陈姿桦,,世一文化事业股份有限公司,彩色童话列车,,,9789577759917,O400117,5.9
天鹅湖,熊美如,,世一文化事业股份有限公司,彩色童话列车,,,9789574922284,O400119,5.9
三只小猪,林文珠,,世一文化事业股份有限公司,彩色童话列车,,,9789577759832,O400122,5.9
睡美人,大众书局,,世一文化事业股份有限公司,彩色童话列车,,,9789577759542,O400096,5.9
拇指姑娘,大众书局,,世一文化事业股份有限公司,彩色童话列车,,,9789574920426,O400098,5.9
人鱼公主,大众书局,,世一文化事业股份有限公司,彩色童话列车,,,9789574920471,O400099,5.9
小红帽,大众书局,,世一文化事业股份有限公司,彩色童话列车,,,9789577759924,O400103,5.9
伊索寓言,大众书局,,世一文化事业股份有限公司,彩色童话列车,,,9789577759870,O400105,5.9
家长手册,,,北京师范大学出版集团,攀登英语阅读系列 × 分级阅读第一级,,,T300228,T300228,
家长手册,,,北京师范大学出版集团,攀登英语阅读系列 × 分级阅读第二级,,,T300229,T300229,
家长手册,,,北京师范大学出版集团,攀登英语阅读系列 × 分级阅读第三级,,,T300230,T300230,
家长手册,,,北京师范大学出版集团,攀登英语阅读系列 × 分级阅读第四级,,,T300231,T300231,
家长手册,,,北京师范大学出版集团,攀登英语阅读系列 × 分级阅读第五级,,,T300232,T300232,
家长手册,,,北京师范大学出版集团,攀登英语阅读系列 × 分级阅读第六级,,,T300233,T300233,
我的阅读记录,,,北京师范大学出版集团,攀登英语阅读系列 × 分级阅读第一级,,,T300235,T300235,0
我的阅读记录,,,北京师范大学出版集团,攀登英语阅读系列 × 分级阅读第二级,,,T300236,T300236,0
我的阅读记录,,,北京师范大学出版集团,攀登英语阅读系列 × 分级阅读第三级,,,T300237,T300237,0
我的阅读记录,,,北京师范大学出版集团,攀登英语阅读系列 × 分级阅读第四级,,,T300238,T300238,0
我的阅读记录,,,北京师范大学出版集团,攀登英语阅读系列 × 分级阅读第五级,,,T300239,T300239,0
我的阅读记录,,,北京师范大学出版集团,攀登英语阅读系列 × 分级阅读第六级,,,T300240,T300240,0
不一样的卡梅拉,Christian Jolibois,,二十一世纪出版社,珍藏版,,,9787539195254,P300217,
不一样的卡梅拉,Christian Jolibois,,二十一世纪出版社,珍藏版,,,9787539195261,P300218,
夏天的天空,Peter Spier,,中国城市出版社,凯迪克金牌大师经典绘本系列,,,9787507424881,P200358,30
圣经及教会历史地图集,蔡锦图,,汉语圣经协会,,,,9789625139999,RB100017,
基督教图解百科,吴嘉仪,,宗教教育中心,,,,9789624884579,RB100018,104
教堂建筑,戴维.斯坦克利夫,,大象出版社,,,,9787534776984,RB100019,168
圣经考古大发现,阿兰.米拉德,,江西人民出版社,,,,9787210040491,RB200061,138
100经典教堂,陶心怡,,文物出版社,,,,9787501020553,RB300097,68
上帝的邮差,爱望乐,,新世界出版社,小熊所罗门和他的朋友们1,,,RO300048,RO300048,12
闯祸的“流便超人”,爱望乐,,新世界出版社,小熊所罗门和他的朋友们2,,,RO300049,RO300049,12
特别的“游园”，特别的自己,爱望乐,,新世界出版社,小熊所罗门和他的朋友们3,,,RO300050,RO300050,12
露营历险记,爱望乐,,新世界出版社,小熊所罗门和他的朋友们4,,,RO300051,RO300051,12
圣诞礼物,爱望乐,,新世界出版社,小熊所罗门和他的朋友们5,,,RO300052,RO300052,12
圣经动物大特写,陈洁心,,基督教文艺出版社,圣经探索1,,,9789622945302,RO300053,47
圣经宝物开心找,陈洁心,,基督教文艺出版社,圣经探索2,,,9789622945333,RO300054,45
圣经食物痛快吃,陈洁心,,基督教文艺出版社,圣经探索3,,,9789622945661,RO300055,47
爱的交响乐,黄赛真,,协传培训中心出版,,,,9789833487271,RO300056,
家庭敬拜,杰森.海洛布鲁斯,,中国主日学协会,,,,9789575504670,RO300057,25
朗朗诗篇119学识字,马秀兰,,中国主日学协会,,,,9789575504656,RO300058,23
从小必须牢记的经文,罗贝卡.路瑟,,中国主日学协会,,,,9789575504601,RO300059,23
下雨了,林傅秀,,红蜻蜓出版社,学前阅读计划 第1册,,,9789832416142,O400070,
我想去看海,克里斯提昂.约里波瓦,,二十一世纪出版,不一样的卡梅拉1,,,9787539135168,O400129,3.9
我想有颗星星,克里斯提昂.约里波瓦,,二十一世纪出版,不一样的卡梅拉2,,,9787539135182,O400130,3.9
我想有个弟弟,克里斯提昂.约里波瓦,,二十一世纪出版,不一样的卡梅拉3,,,9787539135175,O400131,3.9
我去找回太阳,克里斯提昂.约里波瓦,,二十一世纪出版,不一样的卡梅拉4,,,9787539135151,O400132,3.9
我爱小黑猫,克里斯提昂.约里波瓦,,二十一世纪出版,不一样的卡梅拉5,,,9787539135137,O400133,3.9
我能打败怪兽,克里斯提昂.约里波瓦,,二十一世纪出版,不一样的卡梅拉6,,,9787539135144,O400134,3.9
The Witches,Roald Dahl,,,'The World''s No.1 Storyteller',,,E400144,E400144,0
木匠和小鸡,汤石燕,, ASIAPAC BOOKS PTE LTD,,,,9789813029743,O300317,0
复活节的故事,,,汉语圣经协会,幼儿开心读圣经系列,,,9789625139074,RB200077,25
蝴蝶,江国香织,,道声出版社,小树苗29,,,9789864000470,P100473,41
狐狸夜游记,彼得.史比尔,,中国城市出版社,,,,9787507424874,P200374,29.8
破冰游戏200激,梁廷益,,CCLPublications,,,,9789881796462,T300266,25
